Email;Address;dominio;Tec;Avg. Session Length;Time on App;Time on Website;Length of Membership;price
amandadean@gmail.com;Munich;gmail;Smartphone;32,0637746203137;10,719149740628396;37,71250863884946;3,004742535925674;503,0
kimberly46@garcia-nelson.biz;Ausburgo;Otro;Portatil;31,661049822746076;11,398064190096813;36,59445670006827;3,198399271684906;414,0
blevinseric@stephens.com;Munich;Otro;PC;32,83810016055479;12,364341604455198;38,03910938707497;3,3091823280429793;467,0
david80@knight.com;Ausburgo;Otro;Iphone;34,357196268204405;9,477777607959723;37,90601452014432;5,0470225513950995;503,0
floresbradley@hotmail.com;Berlin;hotmail;Smartphone;34,814983943728855;12,114944955194904;36,28872395038688;4,389455226416517;411,0
steven00@combs.com;Munich;Otro;Iphone;33,556555671402755;12,960307128914414;37,951946317735135;3,3459223210048927;499,0
carolfarley@gmail.com;Frankfurt;gmail;Smartphone;32,99059904291544;10,441235061603205;35,93896250240334;2,8950751628043556;522,0
cruiz@yahoo.com;Frankfurt;yahoo;Smartphone;33,981005579787784;9,316289204373824;36,91495154541398;2,8684281816397523;630,0
anntaylor@hotmail.com;Berlin;hotmail;Smartphone;33,780156763295054;11,91763618310149;36,84473381504451;3,6349960063068965;373,0
phillipsmark@byrd.net;Berlin;Otro;Smartphone;33,36951735608769;10,62794922615627;38,04031366664072;3,00295702283384;474,0
flevine@gmail.com;Munich;gmail;Smartphone;32,204654645678524;12,480701517118195;37,680287608367976;3,2794662600656097;538,0
tadams@contreras.info;Frankfurt;Otro;Iphone;33,0787172146689;12,695789749023145;35,358444307206696;4,001786345798084;451,0
salazarkaren@hotmail.com;Munich;hotmail;PC;31,874551694585367;10,290350765056484;36,929761561703394;3,491093337009152;327,0
wheelernancy@hernandez.com;Munich;Otro;Iphone;32,495418773654315;12,96832561098067;38,296110372778266;1,2004838567566694;432,0
jessica97@hotmail.com;Munich;hotmail;PC;31,57613197132227;12,57989417361806;37,09326487011031;4,5319866066666314;316,0
jacksonboone@rubio.com;Berlin;Otro;Iphone;32,609282635640405;10,537307537840885;35,73055240228659;3,914384667246393;465,0
rayvanessa@fischer.com;Berlin;Otro;Smartphone;34,19705969450868;13,033566182687187;37,07679515601331;2,6334199887174443;498,0
jasonrichardson@elliott.com;Frankfurt;Otro;PC;33,79203907501622;12,507525374016035;37,14286198458455;4,214495086037866;521,0
roblessarah@hotmail.com;Munich;hotmail;Smartphone;34,71331650656199;12,038808239866547;37,63529940965426;4,632460945972205;413,0
lisacabrera@yahoo.com;Ausburgo;yahoo;Smartphone;33,01954798572344;10,634561317920278;37,49669014561275;4,646119976606155;611,0
cohensean@yahoo.com;Berlin;yahoo;Iphone;33,40992258786484;12,026942222615626;36,13389429009422;2,3133498845806395;618,0
acampbell@sanchez-velasquez.info;Frankfurt;Otro;Iphone;32,425697279750864;11,448901535513796;37,58019042917731;2,5869679851624765;445,0
swilliams@ball-arroyo.com;Frankfurt;Otro;Smartphone;32,55052657442161;13,041244588162265;36,655208083959465;3,4562338235263015;460,0
tluna@hotmail.com;Berlin;hotmail;PC;32,189844729273545;11,386775551280651;38,19748324839899;4,808320372869162;335,0
arnoldsamuel@wilson.com;Munich;Otro;Iphone;32,77049215854934;11,371767361248999;35,26149811626243;4,034386130357466;460,0
jacksonking@mccormick.com;Berlin;Otro;Smartphone;30,836432674773427;13,100109538542808;35,90772142967966;3,3616129845381932;405,0
kiarakim@harris.org;Frankfurt;Otro;Smartphone;32,99838766242905;10,946841939586896;37,64780805527063;3,8260306175375143;475,0
dominguezmaria@gmail.com;Munich;gmail;Portatil;34,173752023676585;12,144748536704865;37,25803145871123;3,397363092819078;580,0
middletonrenee@gmail.com;Munich;gmail;Smartphone;32,46121244511541;13,291143045352882;38,633625651583536;3,8710034001764155;544,0
smithtracey@mcgee.com;Berlin;Otro;Iphone;34,390163664343326;12,64519514084352;38,46832110587932;2,8745969103039517;518,0
dblair@gmail.com;Berlin;gmail;PC;34,10227850874102;8,508152176032603;35,46240008104617;1,8382107022501144;556,0
dbell@hotmail.com;Frankfurt;hotmail;Smartphone;34,46151473966461;11,917115695587762;37,76668677332467;4,3508878437244665;427,0
justin26@gmail.com;Ausburgo;gmail;Smartphone;32,765664587506606;12,506548190327935;35,82346666642284;3,12650948966;551,0
aaron11@luna.com;Munich;Otro;Smartphone;32,44952156114242;13,45772494051235;37,23880567308968;2,941410754428091;446,0
morganorozco@hotmail.com;Frankfurt;hotmail;PC;30,492536696540196;11,562936246652605;35,97656497174036;1,4816166268553612;266,0
bhill@pierce-kane.info;Munich;Otro;Iphone;33,708153408093004;14,325654943309248;35,7218273299056;3,6343402240734415;495,0
jasonhensley@yahoo.com;Munich;yahoo;Iphone;33,9760825800378;11,658036814224134;37,42527868006791;2,086348146609663;637,0
samantha84@cortez.com;Munich;Otro;Smartphone;33,539396346976595;10,534553499461076;37,03479128933126;2,2147975193939367;466,0
longwilliam@gmail.com;Ausburgo;gmail;Iphone;32,73322416398153;11,818571762285;37,1020313268591;1,5038544212252947;515,0
mstephenson@fernandez.com;Munich;Otro;Iphone;34,49726772511229;12,655651149166752;39,57766801952616;4,082620632952961;526,0
nicolegay@jennings.com;Munich;Otro;Smartphone;33,59891333929404;13,252737094184228;37,30596141998359;2,935577273740486;474,0
pmercado@rodriguez.com;Munich;Otro;Smartphone;32,69239221858063;12,296517680733736;36,95155521050133;1,8258846690261428;432,0
rileyalejandro@gmail.com;Ausburgo;gmail;Smartphone;32,149060522105984;10,04731473507118;37,181447310649894;3,5350884276189447;511,0
thomaswendy@yahoo.com;Berlin;yahoo;Smartphone;31,309192640891823;11,947175323941773;36,19083323650043;3,205529764506833;573,0
parkerkayla@miles.com;Frankfurt;Otro;Iphone;34,338729385091796;10,716355140061571;38,3072040068692;2,652158304851241;499,0
christopherhaas@gmail.com;Frankfurt;gmail;Smartphone;32,71251232693568;11,724473856834608;37,15315160406014;3,308443000674604;543,0
deborah51@yahoo.com;Munich;yahoo;Smartphone;33,73264839262621;12,138793877121689;36,853882459920776;1,6234196094562199;643,0
megan33@gmail.com;Ausburgo;gmail;Portatil;32,91278511115979;11,365492025516156;37,60779252420698;4,599937357614995;541,0
qchristian@martinez-allen.com;Munich;Otro;Smartphone;34,56938121869345;12,85499036656409;35,00748225744693;3,292797662575647;517,0
ocortez@gmail.com;Berlin;gmail;Iphone;32,29964716350497;12,168596472860555;37,073616172195656;4,403369830866465;535,0
lmunoz@yahoo.com;Ausburgo;yahoo;Smartphone;33,42121218172261;10,706641521307747;35,766153500383716;3,3939750434342972;638,0
brandonsmith@yahoo.com;Frankfurt;yahoo;Smartphone;33,59396354804201;11,520566788562215;36,18913179541947;3,5612152714310823;619,0
hannahgilbert@gmail.com;Berlin;gmail;Smartphone;33,79475594486519;10,982805534662877;34,81063145023747;3,201801722174991;550,0
youngellen@hotmail.com;Frankfurt;hotmail;PC;31,574138022873235;12,94155572990243;36,72527682557127;4,560396067343641;338,0
aaron89@gmail.com;Frankfurt;gmail;Iphone;31,447446494127817;10,101632204781014;38,04345265084127;4,238296188412728;501,0
awerner@manning.com;Frankfurt;Otro;Smartphone;33,06644065628263;11,673229254101274;37,84065507750671;2,727209453758874;467,0
amanda03@yahoo.com;Berlin;yahoo;Smartphone;34,18818406101828;13,130021664776669;35,42933438847124;3,7905521368804433;648,0
bwilliams@hotmail.com;Frankfurt;hotmail;Iphone;34,3703270461643;11,887800415781037;37,86144725932397;3,0466201888222324;388,0
randall85@williams.com;Munich;Otro;Iphone;33,62530726457669;12,988220598633102;39,672590955941864;3,9694177591077393;497,0
jared39@hotmail.com;Frankfurt;hotmail;Iphone;33,46105629551836;10,869163814130363;35,62244242064545;3,471413452477678;383,0
pvega@hotmail.com;Frankfurt;hotmail;Smartphone;31,909626827522736;11,34726361146273;36,323652468198226;5,314354141170213;340,0
agolden@yahoo.com;Frankfurt;yahoo;Smartphone;33,50308725671972;12,87798369625634;37,44102133556604;1,559151939957077;604,0
hking@hotmail.com;Berlin;hotmail;Smartphone;33,06976829928679;11,764325958658198;36,875025808917755;3,5160510174718302;375,0
samuel94@hotmail.com;Ausburgo;hotmail;Smartphone;33,30188161463884;12,542481050786341;38,31136489758187;3,768561962709896;367,0
michaelferguson@torres-miles.net;Munich;Otro;Portatil;34,142863372870714;13,177774533773801;38,856041708111945;3,2309738432875563;487,0
ramirezjacob@turner.com;Frankfurt;Otro;Iphone;32,381034590963445;12,433128529733452;37,626906802047884;4,334001444341368;456,0
kimberlyfrederick@gmail.com;Frankfurt;gmail;PC;33,167136876950536;11,928842093866267;36,91463331144087;3,164943995285113;539,0
campbellross@yahoo.com;Munich;yahoo;Iphone;34,56868084571511;11,378087087773375;38,304471191707776;3,7849321101304056;669,0
wesleyvance@moore.com;Frankfurt;Otro;Smartphone;33,717554613005134;10,8069660677747;36,01231723045213;3,701229217020273;480,0
ngarcia@donaldson.info;Berlin;Otro;PC;33,70160519868888;11,564022368065539;37,673210365648636;4,716104987209577;512,0
jenniferjenkins@jones.com;Berlin;Otro;Smartphone;33,26544447284578;13,05221038516131;38,775665296116884;4,574287716419565;482,0
audreyjohnson@rosales.com;Munich;Otro;Smartphone;33,616018552595435;13,516284296962846;36,77312349371806;4,125584363255396;501,0
sfarley@jones.com;Frankfurt;Otro;PC;32,39742194430904;12,055340161330117;37,68546548721554;3,506967573635258;461,0
annstone@hotmail.com;Munich;hotmail;Smartphone;34,60624245261783;11,761883803681748;38,12651979793058;1,8208106181524433;393,0
millerrachel@gallagher-nichols.com;Frankfurt;Otro;PC;34,21146128149797;10,770248917443363;34,649800047407126;4,985204970864011;531,0
karina59@gmail.com;Munich;gmail;PC;34,08164619679617;12,104542428062686;36,05964597986499;3,974522480483529;569,0
josephgould@west.info;Berlin;Otro;PC;34,18777482695728;10,320116255059192;37,45340510152358;2,0948917061051766;472,0
victoria53@hotmail.com;Berlin;hotmail;Smartphone;32,635877998189926;12,178573080885846;35,6742560274292;4,131755039569861;351,0
jeffery48@mcguire.com;Berlin;Otro;Smartphone;32,302553103111435;11,979061483915341;38,26906069147024;3,532861579556475;459,0
simmonsmartin@hardy.com;Munich;Otro;PC;34,007211972221654;12,49432293326939;36,045459420486154;4,330714461860564;492,0
fsnow@ellis.com;Frankfurt;Otro;Smartphone;32,29464154956504;12,44304789043987;37,327848037843715;5,084861308602489;458,0
christopher44@hotmail.com;Frankfurt;hotmail;Iphone;34,23824191192028;11,550300110865926;35,769329630500295;4,1831436617261275;394,0
jenniferking@hess.net;Berlin;Otro;Smartphone;31,3895854806644;10,994223919350974;38,07445241970454;3,4288599039280125;427,0
edward29@knapp.com;Munich;Otro;Smartphone;33,37401692609311;11,143433077943628;35,94639914639545;5,4544632775645265;488,0
elizabeth61@berg-braun.com;Berlin;Otro;Portatil;32,837893053239185;13,185181167368498;35,92159518889928;1,8235951829918027;455,0
bushsharon@barber.com;Munich;Otro;Iphone;33,24732220295966;11,956426484854195;36,5173461200418;3,451750709833103;490,0
charlesjackson@brady-fuller.net;Frankfurt;Otro;PC;32,86530120924307;12,074830167957376;35,56917031744619;2,3990797897904113;449,0
wagnerbrian@hotmail.com;Munich;hotmail;Smartphone;32,55949313011333;11,797795514880239;37,777365796776465;3,1956257763719886;346,0
jessica04@christian-riley.com;Berlin;Otro;Iphone;34,87849495417028;13,067895684999526;36,67822227440393;1,9207154781756468;491,0
zscott@wright.com;Munich;Otro;Smartphone;35,63085386109822;12,125401967944384;38,18776368086846;4,019051426800219;538,0
rwilliams@trujillo.biz;Ausburgo;Otro;PC;31,42522688085481;13,27147504252467;37,23984661097634;4,022102909528949;447,0
katherine20@yahoo.com;Berlin;yahoo;Smartphone;32,02159550138701;11,366348309710526;36,683776152869605;4,6850172465709115;598,0
micheleblanchard@lopez-greene.com;Munich;Otro;Iphone;32,25590120444978;10,480506832694495;37,33866962178549;4,514122441132637;447,0
david58@yahoo.com;Berlin;yahoo;Smartphone;33,30857161628053;11,691686125826353;37,480911976267066;1,7157771665531147;611,0
hoffmandaniel@yahoo.com;Berlin;yahoo;Iphone;33,6727578867203;13,420545742201174;37,76369040280343;4,794312263402832;655,0
tylerhernandez@barton.info;Munich;Otro;Iphone;31,047222139487516;11,199660962300452;38,68870909942437;3,0887639575315755;415,0
cwilson@hotmail.com;Munich;hotmail;Iphone;33,322501051305466;12,391422991118318;36,840085729767004;2,336484668112853;347,0
keith13@yahoo.com;Berlin;yahoo;PC;33,29698192462649;12,49105873801881;38,238940853091385;2,7095266269292764;626,0
cunninghamkyle@ellis-parker.org;Frankfurt;Otro;Smartphone;33,07570303157222;12,319845062066673;37,81915511227683;3,4427992020016864;466,0
alicia28@fuller.com;Munich;Otro;Smartphone;31,967320947882403;11,481587147836263;39,24096484164356;3,5325171645393527;442,0
kara33@gmail.com;Munich;gmail;Iphone;34,935605105644306;10,728418539377822;36,88119240747175;4,048510087289211;594,0
mholt@hotmail.com;Berlin;hotmail;Iphone;31,829346455921133;11,268259230574026;36,9569654250941;2,6689197733345025;319,0
ppowell@gmail.com;Frankfurt;gmail;Iphone;32,87273861448019;12,093966355379461;36,62077385548951;3,049195743789432;523,0
mfoster@brown-white.com;Berlin;Otro;Iphone;33,63662445812838;11,236506758754029;37,67502073290805;5,254708925941115;522,0
george02@hotmail.com;Frankfurt;hotmail;Smartphone;35,039283064909725;14,426491050422623;37,37418350489759;3,9306153266132897;435,0
teresapacheco@salinas.biz;Munich;Otro;Smartphone;32,04780097886789;12,718039174525655;37,66110668399285;3,6758488000184415;458,0
sanchezamber@scott-patterson.com;Berlin;Otro;Smartphone;32,25997326555701;14,132893457553365;37,023479236405706;3,7620704427115657;469,0
gregorystewart@hotmail.com;Munich;hotmail;PC;32,36312129411639;12,461135435006733;37,74560774187829;4,664258497238649;335,0
alexandermichael@hotmail.com;Berlin;hotmail;Smartphone;32,69323953887129;12,600750401563927;37,37011822360151;3,4670140660097095;356,0
cunninghamwilliam@hotmail.com;Munich;hotmail;Smartphone;32,74936818112046;9,954975969174418;37,38831486719822;4,650491269094463;355,0
nblack@smith-romero.biz;Frankfurt;Otro;Iphone;34,195508030962635;12,664192622515646;37,02715036476952;4,330407444211276;506,0
ethomas@yahoo.com;Frankfurt;yahoo;Iphone;33,69489765096749;11,202669899735568;35,49396408005127;4,015986640445781;617,0
ncummings@yahoo.com;Berlin;yahoo;PC;31,06132515671613;12,357638107209013;36,16604163340145;4,089330841235956;554,0
knelson@gmail.com;Berlin;gmail;PC;29,532428967057946;10,961298400154098;37,42021557502538;4,046423164299585;445,0
deborah48@white.com;Munich;Otro;Iphone;33,29258730730077;11,906507762219915;38,42286529341121;3,37668749953603;461,0
zachary94@gmail.com;Frankfurt;gmail;Iphone;31,312349599444346;11,684904192367503;38,71707629773135;3,594295099901167;499,0
jenniferbarnett@gmail.com;Berlin;gmail;Smartphone;33,24190043446127;12,305417813429445;36,16364817104465;3,062368145311689;539,0
francisgeorge@thomas.org;Munich;Otro;PC;33,924624809512075;11,911415556879854;38,27470219571763;2,9100379165410692;490,0
adamperkins@terrell.com;Munich;Otro;PC;32,60273898042012;11,764447589452987;37,922703809566;3,5258064121952244;466,0
michellejohnson@sanders-rodriguez.com;Munich;Otro;Smartphone;31,525752416968214;11,340035931978809;37,03951365322458;3,8112481708072314;431,0
asilva@yahoo.com;Munich;yahoo;Smartphone;34,60331111938746;12,207298491050794;33,91384724758464;6,922689335035807;676,0
denisemorrow@johnson-james.net;Munich;Otro;PC;31,654809675692764;13,014459152355208;37,78903634703419;3,0102097779609496;443,0
chansen@holt.com;Munich;Otro;Smartphone;34,05094675856064;11,388644575171451;39,08156474568163;2,4369588757864635;499,0
dbrown@gmail.com;Munich;gmail;Smartphone;33,55210836340867;11,120870867123784;36,80837605948795;4,02781384191709;569,0
ellenlucas@cox.org;Frankfurt;Otro;PC;33,86318870719846;11,52352268106905;35,9380452301724;3,0130325004194374;478,0
douglas95@yahoo.com;Frankfurt;yahoo;Portatil;33,76981237165136;11,304462307422884;37,833971728598954;5,137816745950984;660,0
kellydeborah@chan.biz;Ausburgo;Otro;Smartphone;33,431097102487136;13,35063168445937;37,96597162275134;2,768851943263104;481,0
fishermichael@ramos.com;Ausburgo;Otro;Smartphone;34,59402114954151;10,947258584185185;35,88399438701215;3,1597544439509266;486,0
taylor91@hotmail.com;Munich;hotmail;PC;33,46869994900622;13,085505760060858;35,84582711383271;2,926940235492512;357,0
potterkenneth@strickland.com;Munich;Otro;Iphone;33,441553044751224;11,235968954252515;37,05261630809583;3,904479379627935;487,0
melinda39@morton.info;Munich;Otro;PC;31,948017421161357;13,085356892368793;37,60565280041329;2,6485967702033175;431,0
sandraharrison@bailey-gordon.net;Munich;Otro;Smartphone;32,8653271748764;11,984417523634924;37,0443614002997;3,452388582630727;470,0
samuel46@love-west.net;Berlin;Otro;Smartphone;32,61785606282345;13,989592555825254;37,190503800397956;4,064548550437977;472,0
chasejennifer@hotmail.com;Munich;hotmail;Smartphone;33,10543794246846;11,965020002997898;37,27781174207212;4,742577519573315;383,0
fbryant@gmail.com;Ausburgo;gmail;PC;32,59718265981362;10,889566863427978;38,21257083414733;4,442054329011166;550,0
rskinner@johnson-jefferson.com;Munich;Otro;Smartphone;32,67515450844823;12,594194066191111;37,68387537364701;2,5717778354776577;441,0
jgray@khan-allen.com;Frankfurt;Otro;Smartphone;32,74515048083576;10,012583366223023;38,35495987026449;3,108911449181274;435,0
judithsmith@jimenez.biz;Munich;Otro;Smartphone;33,59048580327403;10,942069621017652;36,17049420248099;2,783963128204522;476,0
susanibarra@yahoo.com;Frankfurt;yahoo;PC;32,53323998265473;14,121783839255324;38,40632901011416;5,320093863780987;625,0
marc54@hotmail.com;Berlin;hotmail;Smartphone;34,33589583979252;12,2289347111239;36,1571911511149;4,694322274442824;404,0
raylopez@hotmail.com;Munich;hotmail;Smartphone;32,19772379742183;11,83023109487895;36,63385670229112;4,193324635532072;344,0
davidsonkathleen@gmail.com;Berlin;gmail;Iphone;33,680936949606156;11,201569884684467;37,83544772741218;2,208813678005546;557,0
mooremichelle@logan.com;Berlin;Otro;PC;33,36938093820547;12,222483941893726;36,35523488364423;3,4470177927906893;476,0
duane56@hotmail.com;Munich;hotmail;Smartphone;33,61603789276768;11,936386499892283;38,768640998026676;3,649286157714702;373,0
zmalone@yahoo.com;Munich;yahoo;Portatil;34,5366591798774;12,75207661096469;36,71413783923341;3,2836634554040156;659,0
haydenrebecca@gmail.com;Frankfurt;gmail;Smartphone;33,87974496798125;13,5878060830337;38,260353442660126;3,25811288288828;581,0
bushsusan@hotmail.com;Ausburgo;hotmail;Iphone;32,12236479579778;11,435533874300315;36,22355746230224;4,852842407156433;358,0
wbrady@yahoo.com;Munich;yahoo;Iphone;33,76206923913139;9,98451439654646;35,93344930095986;3,85547168456418;624,0
vstafford@hotmail.com;Berlin;hotmail;Iphone;31,531604482572902;13,378562784168986;38,734006289897124;2,2451477874052825;320,0
fischermonica@gmail.com;Ausburgo;gmail;Iphone;32,529768731474434;11,747731701242175;36,93988205032054;0,8015157200042076;507,0
linda90@yoder.org;Frankfurt;Otro;Iphone;33,477190403003306;12,48806700205303;36,51838358912681;3,3455709758422434;461,0
kevin45@mathews.net;Frankfurt;Otro;Iphone;31,8627411090001;14,039867262521906;37,02226898591233;3,7382251733253336;452,0
jacquelinewest@pace-herrera.com;Ausburgo;Otro;PC;31,52619789823981;12,045331979699332;38,50588332918249;2,847709026474498;420,0
allison80@carson-hansen.com;Frankfurt;Otro;Portatil;33,63080076787103;12,039647840787236;38,9240870506292;2,873007508505152;470,0
marcusleach@floyd.org;Munich;Otro;Smartphone;32,64194636558817;11,588948579712497;36,32214091690131;3,189609941879746;451,0
johnsonpaul@keller-woodard.org;Berlin;Otro;Smartphone;30,879484344127498;13,280432242922112;36,93615937845674;3,585160635161344;410,0
gomezalicia@hotmail.com;Berlin;hotmail;Iphone;32,278443347919655;12,527471744522868;36,688366542504845;3,5314023030588984;343,0
anthony09@hotmail.com;Berlin;hotmail;Smartphone;32,49144660312287;12,530357373542882;37,87521910003027;2,476139050596411;335,0
waltonkaren@gmail.com;Frankfurt;gmail;Smartphone;35,74266980593494;10,889828283005029;35,565436237139735;6,115198945760052;644,0
melissa08@nelson.com;Munich;Otro;Portatil;31,765618821042406;12,442616548294634;38,13171202563648;3,8502796390964265;443,0
martinkristi@sanchez-coleman.com;Frankfurt;Otro;Iphone;34,08366330162949;8,668349517101323;35,906756365793065;2,2524459633808416;492,0
lewisjessica@craig-evans.com;Berlin;Otro;PC;33,23765998436727;13,566159613087605;36,417984796396794;3,7465729731034663;484,0
lawrencewalton@hotmail.com;Munich;hotmail;PC;32,21552741998912;12,216854693359824;36,95395970110429;2,910530822492482;320,0
jeremy00@yahoo.com;Berlin;yahoo;PC;33,55169913754013;12,15858523387948;36,57513377612486;5,453969474611709;656,0
autumn88@mendoza-mills.com;Munich;Otro;Smartphone;32,04781463313985;12,482669924970503;35,536024530304154;3,3939027880693717;439,0
contrerastiffany@gmail.com;Munich;gmail;Smartphone;34,012619460656374;12,914570094327917;36,046203518424534;3,488029991222591;573,0
mstephens@davidson-herman.com;Munich;Otro;PC;33,33067252364639;12,795188551078114;37,53665330059473;4,446308318351435;496,0
russellbaldwin@ferrell.info;Munich;Otro;Smartphone;33,24726795047748;14,069382336483997;38,993322451155734;4,978475793470261;494,0
charris@gmail.com;Ausburgo;gmail;Portatil;32,53082944110282;12,354607081759857;37,12234520816764;2,30755242118396;525,0
hornesteven@gmail.com;Berlin;gmail;Smartphone;31,720769900287312;11,752343171850052;38,57360522634684;5,023934200606659;524,0
gharrison@davis.com;Frankfurt;Otro;Iphone;33,177204666060376;11,622777173031125;35,96889569049678;3,634093727357596;472,0
scottrose@yahoo.com;Berlin;yahoo;PC;33,50381038174352;11,233414953540922;37,211152581351115;2,320550249888456;615,0
andreperez@hotmail.com;Munich;hotmail;Iphone;32,95976431107423;11,546275759510358;36,947953692845566;3,2750706813095327;351,0
rhaas@yahoo.com;Frankfurt;yahoo;Iphone;31,609839573389642;12,71070130045925;36,166463391921475;2,562818810803233;577,0
donald67@harrison.com;Munich;Otro;Iphone;34,709323296131586;10,651793783474174;37,14600652898046;3,2182653850978555;510,0
dana59@hotmail.com;Frankfurt;hotmail;Iphone;33,12869268643142;10,398457713085639;36,68339299807869;3,859817998874009;379,0
jacquelinehughes@bennett-branch.info;Munich;Otro;Smartphone;34,71345123397026;11,72400223179126;36,81385766052378;4,0878372729217025;517,0
kaitlyn78@chang.com;Berlin;Otro;Smartphone;32,11511906601424;11,919242397939174;39,29404346247573;1,4435150746515455;423,0
kimberlyruiz@smith-gordon.com;Munich;Otro;Iphone;33,44812500934655;11,903756682535942;36,87454360467994;2,782757828499416;470,0
dominguezjacob@hotmail.com;Munich;hotmail;Iphone;32,51021799444433;10,984835888186163;37,396497475332055;5,391275125020632;361,0
ievans@hotmail.com;Berlin;hotmail;Smartphone;33,21718784289895;10,999683661085923;38,44276668680506;4,243812816726185;361,0
william28@gmail.com;Berlin;gmail;Iphone;32,922610758349414;11,568116342098419;36,90937820695247;2,471750669720034;522,0
sharon82@saunders.info;Frankfurt;Otro;Iphone;31,514737857801983;12,595671305072534;39,600376465861395;3,7517345520890513;439,0
dtaylor@webb.com;Berlin;Otro;PC;33,05926409135838;11,725910097840954;35,9990993016087;5,004820577490747;492,0
denise22@hernandez-townsend.com;Munich;Otro;PC;32,903250973372074;11,657575922065584;36,77260376125875;3,9193023085531835;456,0
jefferycampbell@gmail.com;Munich;gmail;PC;33,02502013857587;12,504219807675254;37,64583878801402;4,051382465375181;545,0
robin80@yahoo.com;Ausburgo;yahoo;Iphone;33,89457038870139;13,300299363336556;36,393683855020775;4,4900020655598345;665,0
kday@gmail.com;Ausburgo;gmail;Portatil;33,4855197629536;11,887345302061831;35,86244707788159;3,2067566975868704;555,0
floresarthur@yahoo.com;Frankfurt;yahoo;Iphone;33,07653560709715;9,607314687519166;36,49399254673739;5,081210092491108;633,0
brenda68@hotmail.com;Munich;hotmail;Iphone;33,15569970295208;12,931550271647987;38,16643555663392;3,854473855602962;367,0
philliproberson@yahoo.com;Berlin;yahoo;PC;34,200539409318985;12,667808875387266;37,48704924855169;3,7016222869142337;650,0
christopher20@gmail.com;Frankfurt;gmail;PC;32,04448612744043;13,41493473585169;36,11243501077792;2,258686386946843;507,0
lance88@briggs.com;Frankfurt;Otro;Portatil;32,6055836415705;12,068816079691766;36,1050004999139;3,917451119136939;458,0
jimmy11@hardin.com;Munich;Otro;Smartphone;32,97518182625784;13,90991551102909;37,79223754313027;4,297686524285517;507,0
montgomerycheyenne@hotmail.com;Ausburgo;hotmail;Smartphone;32,53677489754807;11,121366060509414;36,97937237345656;4,1292546880945356;342,0
webertom@phelps.com;Munich;Otro;Iphone;31,268104210750717;12,132509111641538;35,4567981489283;3,0720761414868827;414,0
bradleysmith@barber.com;Frankfurt;Otro;Smartphone;33,622591840455804;11,167356897497287;35,62658733096311;5,462500764129899;501,0
madisonalexander@gmail.com;Munich;gmail;PC;34,11756669418932;11,591871665122241;37,743619699549896;3,6785893989539975;582,0
turnerryan@hotmail.com;Berlin;hotmail;Smartphone;34,04663802802127;12,474455453922836;35,037856159447585;4,055775961742958;417,0
michelleshepherd@price.com;Berlin;Otro;Iphone;32,90469244491627;11,91374515283876;36,058647603220486;1,2281124234144234;456,0
awatkins@yahoo.com;Berlin;yahoo;Iphone;32,739142938380326;12,35195897300293;37,373358858547554;4,4342734348999375;617,0
whess@hotmail.com;Munich;hotmail;Smartphone;33,235606500693855;11,223368888365105;37,69230086128235;2,5941897205777797;358,0
waltercharles@sanders.net;Berlin;Otro;Smartphone;32,37798965892753;11,971750786570595;37,19936752783635;2,8296995751470893;440,0
clester@yahoo.com;Ausburgo;yahoo;Iphone;32,980029198453636;11,201159766003189;37,68933697894965;2,412830960970926;624,0
dawnlewis@watkins.org;Berlin;Otro;Smartphone;32,686129256115166;12,215252424902488;36,59436168489157;3,8971158599572524;457,0
lisadelgado@gmail.com;Frankfurt;gmail;Iphone;33,499506100675546;11,946590884981754;36,486325072393406;3,937862643180167;575,0
melissa08@rowe.net;Munich;Otro;Smartphone;33,39826012958678;11,03785041365591;38,61733445368848;4,116340467131812;477,0
brian51@cook.info;Berlin;Otro;Portatil;31,517121802506228;10,745188554182882;38,79123468689964;1,4288238768282668;427,0
katrina56@gmail.com;Munich;gmail;PC;34,70252897286158;11,695736293481328;37,190267710452595;3,5765259152594644;578,0
elizabethnunez@vasquez-nelson.net;Frankfurt;Otro;PC;32,59209322575472;10,314717921893896;36,72902940108787;4,791108744558267;481,0
longphillip@yahoo.com;Berlin;yahoo;Smartphone;31,736635686050285;10,748533655415798;35,73870747121452;4,83552866742221;600,0
johnathan33@yahoo.com;Berlin;yahoo;PC;32,26200310699493;11,644969546399302;37,02687697079434;3,2367328142505314;597,0
nwagner@yahoo.com;Frankfurt;yahoo;Iphone;32,312909745943095;9,8244017703894;35,74277912557426;2,921350140816143;599,0
rchambers@hotmail.com;Berlin;hotmail;Smartphone;33,08529799058909;13,093537281195058;38,31564796064117;4,75036007144446;368,0
lisa94@jackson.com;Munich;Otro;Smartphone;32,72731919612472;13,013375627349653;36,65127791701514;2,367848224385222;442,0
andrew06@peterson.com;Berlin;Otro;Portatil;33,99257277495374;13,338975447662111;37,22580613162114;2,4826077705105956;494,0
tinasmith@martinez.info;Berlin;Otro;Iphone;33,11020505771776;11,982044994015611;35,29308775436051;3,9234887455274374;460,0
anneingram@miller-alexander.com;Munich;Otro;Iphone;32,13386240984833;11,612650769570312;39,24880390433504;3,349245382527182;446,0
lewiskendra@yahoo.com;Berlin;yahoo;Iphone;33,324240521849696;11,084584086421872;36,77601657686874;4,74698970293514;639,0
richard81@day.org;Munich;Otro;PC;33,01479221522831;11,76117232548311;37,57016384471318;3,834169666632599;467,0
davisrobert@hicks-smith.com;Berlin;Otro;PC;32,179099972602344;11,187538910878676;40,005181638101895;3,5526497674265176;449,0
stevenking@patterson.com;Munich;Otro;PC;33,50370517913956;12,399436075147092;35,01280603355904;0,9686221157417689;462,0
patrickorr@yahoo.com;Munich;yahoo;Iphone;33,45947684896434;11,388612618641039;37,90913871755985;2,56663984381683;640,0
ashleychristopher@gmail.com;Munich;gmail;Iphone;34,558294609144475;11,28144500356714;36,4944064828881;2,491671541288354;564,0
dylanmartin@hotmail.com;Munich;hotmail;Iphone;33,11995442833815;12,953262542191796;37,03427958207978;3,4720213800343784;365,0
garcialisa@yahoo.com;Munich;yahoo;Iphone;32,388451625505326;11,010482132400076;38,415041581538325;3,5435470501829984;620,0
briannasantana@gmail.com;Berlin;gmail;Smartphone;32,49839307472945;13,410759184940549;35,9904889547585;3,184618661620886;534,0
oliviamarshall@sawyer-sellers.com;Berlin;Otro;Iphone;33,918844177834046;12,428736927868275;37,30536187928602;4,158214652664192;496,0
michael86@yahoo.com;Berlin;yahoo;Iphone;33,20891970058922;13,53191346185937;38,95246252162795;3,0465406206892376;627,0
vancemichelle@gmail.com;Berlin;gmail;Smartphone;32,319857972167306;12,418113202231622;36,155336204959546;3,222080766760957;533,0
connorlambert@yahoo.com;Berlin;yahoo;Smartphone;31,85307480174657;12,149375491578276;37,32533422381935;3,3618146243831437;607,0
wandaphillips@leonard.com;Munich;Otro;PC;33,07773079450243;11,466984219092826;35,675727630820134;1,80922959177631;447,0
greenelizabeth@edwards.com;Berlin;Otro;Smartphone;33,79512493081247;11,620996507575207;38,4194685327455;4,559699083258959;503,0
kcannon@alvarez-cline.info;Berlin;Otro;Iphone;32,5434591695977;13,332839284456396;37,964390331775896;3,597459968849926;457,0
scastillo@hotmail.com;Munich;hotmail;Portatil;33,26833021768797;11,113329897404322;37,387945542635585;4,018726609737513;363,0
charlesgutierrez@hotmail.com;Berlin;hotmail;Smartphone;33,531860130613246;13,665769794267849;36,90022076162611;3,515688256202335;382,0
beth76@yahoo.com;Berlin;yahoo;PC;33,47160052695171;11,662263431208277;36,05024078202619;3,9972553776226674;605,0
rogerstiffany@wilson-horne.com;Munich;Otro;Smartphone;34,14039342796294;11,568526641744768;38,918748541019504;4,082855278762214;491,0
mary84@edwards.com;Ausburgo;Otro;Portatil;31,820998201672072;10,771074062599588;37,278639793707605;3,5190324339539223;440,0
ryan36@gmail.com;Munich;gmail;Smartphone;32,22729913636721;13,728627177429864;37,99702800956553;4,8026306305233755;547,0
dhudson@ramos.net;Munich;Otro;PC;30,97167564388777;11,731364294077403;36,074551140168914;4,4263640805293125;412,0
brenda25@gmail.com;Munich;gmail;Smartphone;33,432231396262715;10,859608533152711;38,83567008085342;3,6692256113154436;552,0
stevenjohnson@yahoo.com;Munich;yahoo;Iphone;33,000849640152055;11,230743306761045;36,99529016635977;3,781703565104839;634,0
brianwilson@yahoo.com;Munich;yahoo;Iphone;34,555767994657494;12,170525424959397;39,13109673366661;3,663105491283854;670,0
lmalone@gmail.com;Munich;gmail;Iphone;32,975192902963855;13,394451788942055;37,80697766984659;3,5690465158585187;564,0
efoster@williamson-boyd.org;Frankfurt;Otro;Smartphone;34,27824787999725;11,822721745594304;36,30854529439036;2,1173825415272596;500,0
lewisgabrielle@hotmail.com;Munich;hotmail;Iphone;33,700400456822415;11,924394923280017;37,245032469967526;3,9052503089821307;389,0
william82@gmail.com;Berlin;gmail;Portatil;33,25633546983111;13,85806246213124;37,78026468722867;5,97676812602;574,0
esmith@gmail.com;Berlin;gmail;Smartphone;34,18382052058911;13,349912944366531;37,827394227862136;4,252006105620936;569,0
lisagutierrez@johnson-herring.net;Frankfurt;Otro;Smartphone;32,40714829999668;13,808798675105962;37,42676891745393;5,039955263662929;465,0
michael00@yahoo.com;Munich;yahoo;Smartphone;33,60579899891236;13,68511889962359;34,89198326749108;2,6852848361090778;631,0
archeremily@baldwin.com;Berlin;Otro;PC;31,260646869879523;13,266760352944495;36,97119509745716;2,267251114447051;436,0
richard35@hale-duncan.net;Munich;Otro;Iphone;31,44597248275779;12,846499067474369;37,86921693600857;3,420149530164856;422,0
nathan84@lowery.net;Berlin;Otro;Smartphone;32,06091439841006;12,625432642053951;35,539142427505084;5,412357839551379;471,0
tinayoung@hotmail.com;Munich;hotmail;PC;35,43316530057876;11,912210479900578;36,08964365766702;4,00096358646012;428,0
chris67@ryan.biz;Munich;Otro;Smartphone;32,789772618310714;11,670065919118978;37,4087484767376;3,4146884225048972;465,0
robertramirez@kaiser.com;Munich;Otro;Iphone;33,894640388465476;10,61053651970745;37,97738873797974;3,537123879902206;503,0
mark94@yahoo.com;Munich;yahoo;Smartphone;32,65462160732388;11,052323653306688;37,633009416643624;4,717102512825834;630,0
vmartin@yahoo.com;Munich;yahoo;Iphone;34,40240964824356;14,220979108167345;37,52319665049046;4,0777750980104255;674,0
maureenlopez@gmail.com;Munich;gmail;Smartphone;35,530904145898624;11,379257182400217;36,63610411908917;4,029453828152192;632,0
halljohn@yahoo.com;Frankfurt;yahoo;Smartphone;32,72852076313786;10,131712461927215;34,84561239331277;3,287701824074408;587,0
sharper@yahoo.com;Berlin;yahoo;Iphone;34,318927438542204;13,402331896928283;37,29204470528371;3,6060868889081727;656,0
tsmith@yahoo.com;Munich;yahoo;Smartphone;33,9717220376126;12,284467067067208;38,29572526401705;1,1304769604319769;614,0
brian28@sanchez.org;Berlin;Otro;Smartphone;34,69559119111866;11,608997070875462;37,68487727530606;3,1630919310737573;504,0
ebrown@osborne.com;Frankfurt;Otro;PC;31,945395748344524;12,965761479512217;36,96638889642577;6,076653638440144;479,0
gstrong@hotmail.com;Berlin;hotmail;Iphone;34,03416353106073;13,592512657946294;36,83865678634849;3,6059339177330707;381,0
rhonda96@little.org;Munich;Otro;Portatil;32,07054622092545;11,733106220383402;37,53429101112127;4,671275460906252;467,0
thardy@perry.com;Munich;Otro;Iphone;33,236265721508744;10,972554314292413;34,57402758718963;2,931619534651152;454,0
rcarter@crane-thompson.org;Munich;Otro;Portatil;33,48193057257537;11,918670307379347;37,31770494919684;3,3363393820041853;485,0
kyang@diaz.org;Munich;Otro;Smartphone;34,374258045247466;15,126994288792467;37,15762409406526;5,377593583586978;527,0
hevans@kelly-nunez.org;Frankfurt;Otro;PC;32,29524762622046;11,03135834040919;38,252978273334655;3,1074686827074625;462,0
vchurch@walter-martinez.com;Frankfurt;Otro;Iphone;33,98777289568564;13,386235275676434;37,534497341555735;3,2734335777477144;495,0
paulkemp@yahoo.com;Frankfurt;yahoo;PC;33,14207932732039;11,433379933334457;35,89243163440533;4,470282584120023;603,0
rjohns@gmail.com;Berlin;gmail;Smartphone;32,843930222655175;11,832286222863628;36,81401056250368;3,4719191365417483;538,0
hickmanelizabeth@yahoo.com;Ausburgo;yahoo;Smartphone;32,6729435250038;12,276056984463208;37,19279353222784;3,9824715131070567;602,0
jared99@yahoo.com;Munich;yahoo;Smartphone;33,88994100692418;13,068638584182434;37,54052035512257;3,7987253190525396;659,0
nhenry@hotmail.com;Berlin;hotmail;Portatil;34,85131416586477;12,41554196333362;37,67232248424959;3,1305384624648442;400,0
codyandrews@hotmail.com;Munich;hotmail;Iphone;33,41906734548329;13,391120179234008;37,194191046463956;4,06991661858986;371,0
solischristina@gmail.com;Frankfurt;gmail;PC;31,851253128608366;12,418961981005012;35,97765170714366;3,2517417703068876;498,0
rojasmichael@wagner-thomas.com;Munich;Otro;Iphone;31,956300560523367;12,828893395018701;36,951616684246815;4,571213023779052;454,0
xkaufman@gmail.com;Frankfurt;gmail;PC;35,37187609232446;10,572466600106116;36,86218334634355;4,198349060814376;614,0
wrightdanielle@gmail.com;Munich;gmail;Portatil;32,40855895733437;10,98574015235435;37,36839124072731;3,5048334855203;524,0
johnsonhannah@gmail.com;Munich;gmail;Portatil;31,904857131013614;12,22772827968665;36,98591347608606;3,771420131891554;512,0
mitchellscott@gmail.com;Berlin;gmail;Portatil;32,76245596030955;10,952353380458653;37,64629178743077;4,019470351595002;548,0
cbrady@gonzalez-miller.com;Munich;Otro;Iphone;32,711119299295326;12,326291385476884;36,67387835766538;3,3502792875449092;453,0
drew27@ryan-thompson.com;Munich;Otro;Smartphone;33,67402747501462;12,968893130527093;37,333107418297075;3,22945090446699;492,0
vcoleman@yahoo.com;Munich;yahoo;Smartphone;33,879784289702826;12,495591602384836;38,052609752573076;4,639320331857264;661,0
jason50@bates.net;Berlin;Otro;Smartphone;32,00850451785513;12,095889485093478;36,37750903434099;3,1789524050534483;433,0
laurajimenez@gmail.com;Munich;gmail;PC;33,47947160188164;12,60888879370027;37,22939451627662;4,205903889533483;564,0
martha91@garrison.net;Munich;Otro;Smartphone;34,37939438496412;12,930928541308226;36,36024719793431;3,7927119551515887;515,0
javier02@landry.net;Munich;Otro;Smartphone;33,0264203526517;13,18681287300118;38,06692960186935;2,8982995778886362;469,0
fuenteskathryn@schmidt-johnson.org;Munich;Otro;Iphone;33,612563354981084;11,470565004665819;37,0616887661275;3,802511438790271;471,0
angela25@walker.com;Frankfurt;Otro;Iphone;34,501417852783966;12,44761745405695;37,53453024067718;4,008352234634593;517,0
katherinegray@yahoo.com;Munich;yahoo;PC;31,12397434991195;12,386516256494852;35,63211221551042;4,288486770885737;592,0
gonzaleskatie@gmail.com;Frankfurt;gmail;Smartphone;34,56455770619167;13,14655143290706;37,335445894325716;3,8768751769237673;605,0
hyoung@jones.info;Frankfurt;Otro;Smartphone;33,877779300122526;12,517666287393077;37,151920660971435;2,6699416242795815;495,0
bakerdrew@gmail.com;Munich;gmail;Smartphone;33,35687434475742;13,45212895943564;38,503008849241596;3,318822278930894;559,0
xevans@hotmail.com;Munich;hotmail;Smartphone;33,22877226969563;12,685393899848075;36,04898625036686;2,139403004485981;357,0
chelsea05@hansen.com;Ausburgo;Otro;Portatil;32,45517628513712;12,759168978762087;36,599112354294384;4,131276648377655;454,0
wjennings@gmail.com;Munich;gmail;PC;32,12538689728784;11,733861690857392;34,8940927514398;3,1361327164897803;494,0
brandon77@richardson.com;Munich;Otro;PC;30,81620064887634;11,851398743073139;36,92504303887863;1,0845853030221226;391,0
wevans@gmail.com;Frankfurt;gmail;Iphone;31,57020082932026;13,378063328893631;36,33780003116479;4,369366793790984;525,0
dvasquez@wiley.com;Berlin;Otro;Smartphone;32,76707608122926;11,07625934092972;34,77975050203264;2,574948470025072;458,0
josesims@hunter.com;Berlin;Otro;Smartphone;33,92579489547876;12,01102187657459;36,701052315547926;2,753424168758119;481,0
beasleyjoseph@hotmail.com;Ausburgo;hotmail;Smartphone;33,34450868519732;10,969802874106238;35,9745781075859;2,627624971434411;374,0
dbenson@simpson.net;Berlin;Otro;Smartphone;30,574363684171367;11,351049011250831;37,08884657968332;4,078308001651641;421,0
yvaughn@meyer.com;Munich;Otro;Smartphone;33,100357750772915;11,832112231483734;36,841491638054855;3,6122391519936996;474,0
lschroeder@gmail.com;Berlin;gmail;PC;33,7709000976483;11,153966054877388;37,24032955207884;4,7294845415725035;562,0
heatherhall@yahoo.com;Frankfurt;yahoo;Smartphone;32,33598963740772;13,007819424388568;37,85177916943607;2,996364526268539;603,0
thomasgeorge@gonzalez-grant.com;Munich;Otro;Iphone;31,066218161637593;11,735094549013704;36,59937399114725;3,9588922643660966;425,0
david81@hotmail.com;Berlin;hotmail;Portatil;33,506092281309364;11,659832840871445;37,28139282998597;4,4787126084630104;380,0
sarahtran@dixon.com;Munich;Otro;Iphone;35,03744996157605;11,935934966559183;35,78392374450292;3,310150346576856;530,0
taylormason@gmail.com;Frankfurt;gmail;Iphone;32,38797585315387;13,148725692056516;36,61995708279922;2,494543646659249;534,0
erik46@hotmail.com;Ausburgo;hotmail;Smartphone;34,447871436480774;10,607723870859086;36,81909551318471;3,3664637433729325;378,0
jasmin20@salas.com;Munich;Otro;Iphone;33,902717794463925;11,668866514553862;37,34126616101072;4,25698328967803;500,0
taylorjared@foster.net;Munich;Otro;PC;32,58249357081853;11,739743796165987;36,85481082475086;2,1820169698233887;477,0
sanchezkara@hotmail.com;Ausburgo;hotmail;Iphone;34,33486453305801;11,109456333168433;38,585854757332655;3,8928914802112553;387,0
hallthomas@lane.com;Munich;Otro;Iphone;32,454552537551066;11,82298329832392;36,94612578169275;3,6569839266881443;469,0
amandastanley@yahoo.com;Berlin;yahoo;Smartphone;32,096108993845185;10,804890557641668;37,37276214632111;2,6995620549722683;589,0
john96@chan-anderson.biz;Munich;Otro;Smartphone;33,17233109074306;13,07869243953642;37,329818625212354;5,405406467229508;498,0
david47@hotmail.com;Frankfurt;hotmail;Portatil;32,38696867463189;12,717995102314035;35,12882235312117;3,4810621331251683;337,0
qgarcia@williams.com;Munich;Otro;PC;33,43782956230187;12,595420346380532;36,26203180012439;2,9696402266327593;465,0
james30@carter.biz;Munich;Otro;PC;32,38473265900513;10,86160419912899;36,584437621758106;3,993656512525085;466,0
alvaradoadam@jones-thompson.com;Munich;Otro;Iphone;31,954903856634843;10,963131776054833;37,327282689879496;3,5786339003939873;436,0
craigcastro@burgess.com;Berlin;Otro;Smartphone;32,80522040097184;11,835476087614284;36,375066106372905;3,4395905595500764;473,0
riverarebecca@gmail.com;Munich;gmail;Smartphone;34,30555662975554;13,717513665142508;36,72128267790313;3,1201787827480914;561,0
pamelahampton@martin-cobb.com;Frankfurt;Otro;Smartphone;32,34279623166797;11,40964461636565;35,77778217066089;3,8724320418689104;449,0
gregoryholmes@hotmail.com;Frankfurt;hotmail;Portatil;32,68822929602445;13,761532847115612;39,25293095040623;2,995761182613056;352,0
bhamilton@shaw.biz;Berlin;Otro;Iphone;33,91401511732236;12,266503838947585;36,57503097579012;3,0234744460455456;482,0
patriciajackson@jenkins.info;Munich;Otro;Smartphone;32,00475302036483;11,395209434440888;37,33281445580523;3,803364999065175;445,0
tanya20@gmail.com;Berlin;gmail;Smartphone;31,366212167187687;11,163159542913277;37,088319364334765;3,6203545888040867;516,0
brenda82@maldonado-gonzalez.net;Berlin;Otro;Portatil;33,90022441401576;10,956790967791651;37,266878259420906;2,9526689579217362;492,0
hduke@hotmail.com;Frankfurt;hotmail;PC;31,926272026360156;11,109460728682564;37,268958868297744;2,66403418213262;311,0
alejandro75@hotmail.com;Munich;hotmail;Smartphone;32,187812045932155;14,715387544156501;38,244114594343515;1,5165755808319439;331,0
melindahartman@gmail.com;Berlin;gmail;Smartphone;31,600512200303292;12,222967446546058;36,8227532265912;3,4145062403052493;499,0
kstafford@estes-nguyen.com;Munich;Otro;Smartphone;31,169506798711588;13,970181074130446;36,67395273856423;1,7851739448879638;404,0
douglasdunlap@boone-rose.com;Munich;Otro;Smartphone;30,3931845423455;11,80298577760313;36,315763151803424;2,0838141920346707;403,0
william25@mcconnell.com;Munich;Otro;Smartphone;33,02933195350689;11,765812645482358;37,738524945579094;2,7217359920452187;454,0
jlawson@mccarthy.com;Ausburgo;Otro;Smartphone;33,12239998431699;11,509047996817198;37,25305774145061;3,182329731786818;478,0
garnerjustin@king.com;Munich;Otro;Smartphone;34,00207092262163;11,85468192110211;37,491892210406924;2,761861926301417;487,0
isaiahcampbell@yahoo.com;Ausburgo;yahoo;Iphone;32,48426048276214;10,93325227854703;36,54550622682937;3,2613247447870934;612,0
hoovernicole@dorsey.net;Berlin;Otro;Iphone;32,89398062181101;11,52987820576495;36,888086054199256;4,643258549800133;496,0
rlindsey@norris.com;Munich;Otro;Iphone;32,771715009701;11,540832436151055;37,526421027792445;2,924020724598205;470,0
awu@robinson.org;Frankfurt;Otro;PC;32,054261851184755;13,149669557991398;37,65040020345744;4,1956144126751305;462,0
taylorkimberly@yahoo.com;Berlin;yahoo;Smartphone;31,28344747605816;12,725677367222989;35,96566746423624;5,000243360514445;576,0
pkline@hotmail.com;Munich;hotmail;Iphone;33,1366552476793;13,891313421778493;39,22071295098572;2,9070949348220267;348,0
jessicabrewer@simmons.net;Berlin;Otro;Portatil;34,00648891839723;12,956276605432244;38,655094538522064;3,275733705185027;499,0
michaelcampbell@yahoo.com;Frankfurt;yahoo;PC;35,86023651335309;11,730661394277831;36,8821490815068;3,41620997759013;693,0
prussell@lopez.com;Munich;Otro;Portatil;34,523019620716326;11,405770450141057;36,378271013194265;4,041244969129275;516,0
nathan86@hotmail.com;Berlin;hotmail;Portatil;36,13966248879052;12,050267234380506;36,95964319393419;3,8648607392342784;434,0
kaylahenderson@hotmail.com;Munich;hotmail;Iphone;32,40429504598358;11,608997936221536;38,11045690682496;2,96655888465992;314,0
hannahwilson@davidson.com;Munich;Otro;Smartphone;33,71598091844986;12,418808324753911;35,771016191612965;2,735159567082275;470,0
walkerlaura@peterson-yates.com;Frankfurt;Otro;Smartphone;33,15417578832186;11,887494133971662;36,265000697022046;2,6022871120328714;468,0
mary45@gmail.com;Frankfurt;gmail;Iphone;33,67683086814267;10,971392430875488;37,72236711094261;3,629339915268192;549,0
casey21@johnson.com;Frankfurt;Otro;Iphone;33,5985203185533;11,586319529181234;39,09462702670515;3,6043985602569495;478,0
antonioharris@hotmail.com;Berlin;hotmail;Iphone;33,70088553901973;13,471577671948916;37,0716431982524;2,3790764968915394;369,0
sharongraves@yahoo.com;Munich;yahoo;Smartphone;32,90485366735398;12,556107616938167;37,80550943244919;0,2699010899842742;575,0
beckycarson@jones-brown.biz;Berlin;Otro;Iphone;33,54047906012372;12,884124621344766;36,22604169397467;5,0072719865899025;508,0
david79@lopez-montes.com;Berlin;Otro;Smartphone;32,116400120928155;12,380694979552985;37,23200330765404;3,0895277822700096;453,0
jeffrey54@mcdonald-williams.com;Munich;Otro;Smartphone;34,96760988717724;13,919494396088172;37,952013186883086;5,066696864020983;548,0
kenneth27@smith.com;Munich;Otro;Smartphone;32,60790271932764;13,677245841523792;37,74469969514907;2,871947536151015;464,0
kylemelendez@hotmail.com;Frankfurt;hotmail;Smartphone;32,43083857908201;13,887275413385504;38,38195597213616;3,7729690246447083;354,0
williammoore@rose.com;Ausburgo;Otro;PC;32,878474365657695;13,032534975943191;37,87095205416159;4,693732057983859;486,0
ashleymoreno@gmail.com;Frankfurt;gmail;Smartphone;31,673915503274955;12,329147021418827;37,07437106706513;3,9824623189556387;532,0
stephaniehill@hotmail.com;Berlin;hotmail;Iphone;32,27459383033916;12,954811454937932;37,1088163801084;3,6899166154475918;351,0
katie25@gmail.com;Munich;gmail;Smartphone;32,77260992960089;13,276313008175375;36,60077705432864;3,4622988474603718;544,0
rogersheather@hamilton-jensen.org;Munich;Otro;Smartphone;33,785207205733194;13,039511025284968;36,31272657154038;2,0181946292873114;484,0
leonardhancock@hotmail.com;Ausburgo;hotmail;Iphone;34,34392190842758;11,693058197072652;36,812934125501464;3,4470928961368963;403,0
ulee@wells.com;Berlin;Otro;PC;33,63781167586591;12,039502370469922;34,48718474774243;2,739200466766662;487,0
walkererica@scott.com;Munich;Otro;Smartphone;33,644177000440536;13,160020040286033;36,4077474507818;3,0151752987437077;478,0
david43@richards.com;Frankfurt;Otro;Smartphone;33,55520742143224;11,55182116621942;36,628834292811774;2,837943164069798;480,0
phillipscarrie@gmail.com;Frankfurt;gmail;Iphone;32,42330472721988;13,058277927143259;37,26387556144864;3,373104673991114;524,0
ebutler@rogers-gonzalez.com;Munich;Otro;PC;32,992573196692234;13,004362005673078;36,98504141740091;4,620416384895069;494,0
qeaton@savage.com;Berlin;Otro;Iphone;33,30433661798984;12,692661429739388;37,33359061333867;3,8273759151075666;491,0
briangonzales@gmail.com;Munich;gmail;Iphone;32,401731827354666;12,089309572437347;38,309907895123196;3,873337568743252;534,0
audreyguerrero@carey.com;Frankfurt;Otro;Smartphone;34,33075044367848;13,722453676229962;35,773116391246816;2,909008460485079;510,0
thomas22@yahoo.com;Munich;yahoo;Smartphone;33,55165060797954;11,936895159842097;35,90025278215821;4,5433324132930855;664,0
francesjohnson@lee.com;Berlin;Otro;Iphone;32,65539704223188;11,91885970932454;35,71626915951701;2,1596760229888288;450,0
jjones@yahoo.com;Frankfurt;yahoo;Iphone;32,23014911593311;11,084360836740512;37,9596843202141;4,724027439824315;597,0
qmorse@yahoo.com;Frankfurt;yahoo;Iphone;31,812482559724266;10,886921180951674;34,897827688311345;3,1286388557446334;555,0
martinezleah@carter.com;Berlin;Otro;Smartphone;33,38599019075222;12,782171794760183;35,55077226680613;3,2287176862706497;471,0
jacqueline46@mcdonald-smith.biz;Frankfurt;Otro;PC;33,82635200907213;12,084091730811034;35,89035795567322;3,021671821710012;488,0
lauriewilson@jackson.com;Munich;Otro;PC;32,077590044329135;10,347876945661577;39,04515569638811;3,43455972254092;434,0
welchashlee@hotmail.com;Berlin;hotmail;Iphone;33,358398281424215;12,70368792886871;36,10091445210865;2,72410820200549;376,0
clifford76@johnson.com;Munich;Otro;Smartphone;32,33263706834172;11,548761439776756;38,57651554990162;4,773503047345896;470,0
aschmidt@johnson.biz;Berlin;Otro;Smartphone;32,21292383005795;11,732991461588078;35,633953947400784;4,331863026751083;465,0
egomez@hotmail.com;Berlin;hotmail;Portatil;33,60685082311888;12,21407374586628;37,198427822725975;2,905238361446573;389,0
stevenanderson@yahoo.com;Berlin;yahoo;Smartphone;34,65548567957987;10,33807269503854;36,15725594420065;4,396651901097083;663,0
dale88@hotmail.com;Berlin;hotmail;PC;32,64677668060689;11,499409061002083;38,33257633196044;4,958264472618698;346,0
teresaallen@hill-leach.info;Munich;Otro;Portatil;32,56723048027511;12,489013215743665;36,37147981406854;4,22243622534277;472,0
vancealicia@hotmail.com;Berlin;hotmail;Smartphone;31,81642833419931;14,288014590766299;36,77386136993079;2,9644978762354017;334,0
pallen@yahoo.com;Berlin;yahoo;Smartphone;33,000914755642675;11,330278057777512;37,11059744212085;4,104543202376424;611,0
rachelrodriguez@lara-waters.com;Berlin;Otro;Smartphone;33,9431185791017;11,48419869378604;36,83936583281821;2,4024538334142234;485,0
davischristina@hotmail.com;Munich;hotmail;Iphone;34,72908016563062;11,966898076780602;36,54759627699103;2,957448756503683;403,0
randyrobinson@hotmail.com;Munich;hotmail;PC;33,30267220801569;13,459222289832477;36,33952101023726;5,56638489205681;400,0
ellen24@anthony.com;Berlin;Otro;Smartphone;32,43075793005128;11,306232344673575;37,68040322813719;2,7795207192736093;461,0
freemantina@cannon.org;Berlin;Otro;Smartphone;32,903454333014224;10,54264542398311;35,53386350026307;3,0918268695457876;462,0
aaron22@gmail.com;Munich;gmail;Iphone;33,452295280190306;12,005916370756166;36,53409567089256;4,712233578509766;561,0
edwardbrown@yahoo.com;Ausburgo;yahoo;Portatil;33,21547157476038;12,135101396955722;37,14209368933963;5,8405058759314255;650,0
jmartinez@anderson.org;Munich;Otro;Iphone;31,72420252384518;13,172287495263063;36,19975347391624;3,557813698186695;437,0
jonathanconner@morales.biz;Munich;Otro;Iphone;31,976480061461288;10,757130926114415;36,59586794587455;1,9770071278430592;424,0
tina16@santiago.com;Berlin;Otro;Iphone;32,997459002491695;12,589240561061523;37,33224074655334;2,8040136926903942;469,0
johnsonchelsea@gmail.com;Munich;gmail;Smartphone;32,088380630448206;11,90784409977911;35,18912244437772;4,34977841863416;535,0
tknapp@yahoo.com;Munich;yahoo;PC;32,01230076824544;12,178331333996287;37,71598617762173;3,722561172893833;597,0
lamryan@curtis-garcia.net;Berlin;Otro;Iphone;34,642669758092204;11,866481205181705;37,71777057005867;4,003325039023281;523,0
hoganrichard@george.com;Munich;Otro;Smartphone;33,74922777081331;11,137140302310659;38,40137368953426;4,595522708601322;492,0
briancarlson@page-fleming.com;Ausburgo;Otro;PC;32,175501237949376;13,387492105579694;35,69417498569782;4,343062915388998;450,0
williamsjohnny@ferguson.info;Munich;Otro;Portatil;32,80869759268502;12,817113090284248;37,031539216766284;3,8515788003584657;484,0
lsmith@chung.com;Munich;Otro;Smartphone;32,726784597863976;12,988510147185293;36,46200325853961;4,113226122724209;469,0
angelaphillips@gmail.com;Berlin;gmail;Iphone;32,657268594778124;11,957923064554107;36,63465232853774;4,106055151602658;531,0
josephallen@hotmail.com;Berlin;hotmail;PC;32,65318145878372;11,60253219348616;37,3096887708795;2,789461516374708;345,0
grichardson@ryan.info;Munich;Otro;Smartphone;33,790387206952126;11,942340869536073;38,06341358683894;4,08180269478151;506,0
alexandra26@summers-davis.com;Frankfurt;Otro;Smartphone;32,83694076702139;10,25654903128796;36,14390845634163;0,7895199078816915;432,0
drew29@hotmail.com;Frankfurt;hotmail;Smartphone;32,07894757956938;12,725909323593955;36,54466409871873;1,1390935384245742;319,0
jeffreydawson@gmail.com;Ausburgo;gmail;Iphone;34,3018702154015;10,568294685632761;36,17312563197192;3,315224753915403;577,0
joshua56@garcia.com;Frankfurt;Otro;Smartphone;31,358477192437007;12,809883473378118;36,5496679900966;3,6377012795158374;435,0
afry@ford.biz;Frankfurt;Otro;PC;32,291756100263015;12,190474287309026;36,15246208860067;3,7818230393432954;441,0
shafferdaniel@murphy-harris.info;Frankfurt;Otro;Iphone;32,40237101796123;10,875559548189255;37,78114255999947;1,9140899242310996;450,0
rebecca45@hale-bauer.biz;Munich;Otro;Iphone;32,33889932306719;12,0131946940144;38,38513659413844;2,420806160901484;442,0
apark@walsh-obrien.net;Berlin;Otro;Iphone;32,35147815076609;13,105158522307251;35,57484166706179;3,6414971615400877;454,0
michael53@munoz.com;Frankfurt;Otro;Smartphone;32,288666909138946;12,020112091208748;39,074400211336965;3,911708668370663;457,0
bethsullivan@reed.net;Berlin;Otro;Smartphone;34,33667722314705;11,246812606011583;38,68258378408295;2,0947616690074846;493,0
suzanne63@gmail.com;Berlin;gmail;Smartphone;33,26463207316392;10,732131340303663;36,14579171248221;4,086566338485993;529,0
blakekent@smith-pena.com;Berlin;Otro;Iphone;33,58737339024554;9,95399500605983;37,34573893439929;3,2156668270219866;475,0
willie26@johnson-howard.com;Munich;Otro;Iphone;32,03054971621298;12,644202118863696;38,00182746752369;5,038107493844868;465,0
